ask_after_poststir_uses_latch_probe.spl	0.6742615699768066	3|5
ask_bowl_M_wrap_formula_probe.spl	0.790372371673584	32946|1
bootstrap_smoke.spl	0.7553849220275879	1
bowl_phase_separated_replay_probe.spl	0.6274697780609131	2|3|4|5|6|12|1|2|3|4|5|6|3|1|6|2|5|4|7|8|9|10|11
bowl_rank127_M_snapshot_round_probe.spl	0.6204965114593506	1158|401|5045|2503|10206|295|19608|19757|317
bowl_round_modulus_reduction_probe.spl	0.8178353309631348	10|27|52|4|5|6
cutlet_partition_five_slot_filter_count_probe.spl	0.6881787776947021	10
drop_M_factoradic_digits_probe.spl	0.8884389400482178	127|1|0|1|0|0|0
drop_M_order_rank_probe.spl	0.7674622535705566	127
factoradic_127_materialize_probe.spl	0.7132303714752197	2|1|4|3|5|6
factoradic_317_materialize_probe.spl	0.708446741104126	3|5|1|6|2|4
final_five_field_closing_boundary_probe.spl	0.6494696140289307	5000|4|6|17|2
full_bowl_round_position_stone_probe.spl	0.8137941360473633	4448|10355|1542|1762|15174|5054
hidden1_actual_row1_first_grind_probe.spl	0.7159824371337891	297|89118
hidden_actual_to_visible_two_full_probe.spl	0.7265658378601074	45|46|45|46|7|7|1|1|2|11|1|1
hidden_seven_actual_stone_replay_probe.spl	0.7103090286254883	45|46|45|46|7|7
hidden_seven_full_synthetic_generation_probe.spl	0.6427617073059082	132|132|132|132|132|132|132|7
hidden_seven_grind_modulus_lock_probe.spl	0.9060719013214111	170141183460469231731687303715884105727|170141183460469231731687303715884105727|170141183460469231731687303715884105727|170141183460469231731687303715884105727|17014118346046923173
legal_foundation_hidden_seed_rows_probe.spl	0.8110864162445068	36|57|78|99|120|141|162
legal_foundation_six_initial_bowls_probe.spl	0.6974458694458008	87617|136163|289447|724205|944789|1907167
legal_initial_bowls_order316_pours_probe.spl	0.6550638675689697	87617|136163|289447|724205|944789|1907167|4920603|2540899|82008189
post_stir_M_snapshot_rank149_probe.spl	0.8274505138397217	137|137|19321|20164|21609|23716|26569|30276
post_stir_twelve_saved_rank_schedule_probe.spl	0.7650496959686279	149|149|298|298|447|447|596|596|745|25|894|174|1043|323|1192|472|1341|621|1490|50|1639|199|1788|348|12
post_stir_two_committed_rounds_probe.spl	0.6161930561065674	20839513|463248|3544969|19548664|83359593|13847152
sauce_46_12_latch_phase_probe.spl	0.7372448444366455	46|12|46|12
sauce_foundation_actual_hidden_visible46_probe.spl	0.8098733425140381	46|7|46|47|46|1|1|6|21|720|6|17|29|43|71|101|1|1|1|6|21|720|6|87617|136163|289447|724205|944789|1907167|1|1|1|6|1|1|1|1|1|1|46|47|1|1|6|21|720|45|0|45|270|45|47|1|1|1|1|1|1|12|13|1
six_bowl_round_control_probe.spl	0.771507978439331	14|15|16|17|18|19
stack_memory_probe.spl	0.7066037654876709	2|1
stone_dual_consumer_replay_control_probe.spl	0.7331793308258057	46|7|1|7|46|1|46
stones_full_46_dual_five_value_replay_probe.spl	0.6946816444396973	46|7|17|29|43|71|101|46
stones_full_46_forward_replay_probe.spl	0.6181464195251465	45|46|46|17|29|43|71|101|378|1073|2375|6195|10493
stones_full_46_transactional_path_probe.spl	0.8136382102966309	45|46
stones_row2_fixed_snapshot_probe.spl	1.0067882537841797	378|1073|2375|6195|10493
timeline_ring_seed_eight_commit_probe.spl	0.6446888446807861	101|103|107|206|204|101|207|205|201
timeline_seven_slot_ring_index_probe.spl	0.7849833965301514	2|1|6|2|5|4|2|5|46
two_drop_two_bowl_commits_probe.spl	0.6472086906433105	26|51|84|5|6|7|42188|145613|48370|39392|1629|10396
visible_46_full_rolling_invariant_probe.spl	0.8966302871704102	46|47|170141183460469231731687303715884105727|170141183460469231731687303715884105727|170141183460469231731687303715884105727
visible_eleven_M_integrated_table_probe.spl	0.699737548828125	170141183460469231731687303715884105727|1|170141183460469231731687303715884105727|2|170141183460469231731687303715884105727|3|170141183460469231731687303715884105727|4|170141183460
visible_row1_two_grinds_legal_probe.spl	0.7651152610778809	1|1|1
visible_row2_from_snapshot_first_grind_legal_probe.spl	0.8154261112213135	37213|5539229877
weave_three_two_two_count_probe.spl	0.5669541358947754	9
wide_M2_plus1_boundary_probe.spl	0.9111301898956299	170141183460469231731687303715884105726
year5000_seal10_short_rank_probe.spl	0.7415218353271484	36491|-1|2
year_max_5778_to_5781_boundary_probe.spl	0.6753153800964355	1|0|0|0