case_id	reference_file	input_tokens	expected_output_tokens
foundation	sauce.b98	1 15055671 1 15055671	65286679584284972964194865805379907599 127720283375330263615328810127751035299 54364069496183805843611594721403108554 93072329024469476118876155742008280619 54867842942953573450868747713087920246 111207247632761530752404582123499651367 4 5 2 3 6 1
foundation	gate_gap_from_days.b98	1 15055671 1 15055671	230
foundation	rank_from_days.b98	1 15055671 1 15055671 1 1 922	189
foundation	rank_from_days.b98	1 15055671 1 15055671 3 30 47	37
cross_foundation	sauce.b98	1 15055672 1 15055670	64418931623434165610455049324425565574 78364192055181314083360537601938637536 92001238043029624859701048148875515224 59761644517158489392949628979370084902 85879996502761959951766416700450683484 78013042908230705053172921825394790606 6 5 1 4 2 3
cross_foundation	gate_gap_from_days.b98	1 15055672 1 15055670	138
cross_foundation	rank_from_days.b98	1 15055672 1 15055670 1 1 922	97
cross_foundation	rank_from_days.b98	1 15055672 1 15055670 3 30 47	18
zero	sauce.b98	0 0 0 0	56619356937616072186077567884873668656 12950596028913477166513313924576482342 10130888600141726218379084064029339341 94628200830661929160699474705348345634 126504122901710887695561855737506492170 55576041448081920249828107311838886723 4 3 1 5 6 2
zero	gate_gap_from_days.b98	0 0 0 0	762
zero	rank_from_days.b98	0 0 0 0 1 1 922	721
zero	rank_from_days.b98	0 0 0 0 3 30 47	24
mixed	sauce.b98	0 123456789 1 987654321	12209921069844374711017966715109872570 151353145666015360806462613541576217663 113517383964200354142248902299802727213 168753587588292210938716885283153972568 151786042958012226932520888825820701919 53619277332988359026872735557445101799 5 4 1 3 6 2
mixed	gate_gap_from_days.b98	0 123456789 1 987654321	408
mixed	rank_from_days.b98	0 123456789 1 987654321 1 1 922	367
mixed	rank_from_days.b98	0 123456789 1 987654321 3 30 47	37
huge	sauce.b98	1 100000000000000000000 0 100000000000000000000	9558477139577657754624951572688570982 150235629894579473365493815387449199080 69597342048690735479432556787495611338 138404719790457192672216598644790925570 18585799157029448368264655001809807311 38964245189754858175691913154417091734 4 3 6 2 1 5
huge	gate_gap_from_days.b98	1 100000000000000000000 0 100000000000000000000	662
huge	rank_from_days.b98	1 100000000000000000000 0 100000000000000000000 1 1 922	621
huge	rank_from_days.b98	1 100000000000000000000 0 100000000000000000000 3 30 47	32
