reference_file	input_tokens	expected_output_tokens
save.b98	0 0	170141183460469231731687303715884105727
save.b98	0 1	1
save.b98	1 1	170141183460469231731687303715884105726
save.b98	0 170141183460469231731687303715884105727	170141183460469231731687303715884105727
save.b98	0 170141183460469231731687303715884105728	1
save.b98	1 170141183460469231731687303715884105728	170141183460469231731687303715884105726
save.b98	1 0	-1
save.b98	2 10	-1
day_count.b98	1 15055672	2
day_count.b98	1 15055671	1
day_count.b98	1 15055670	3
day_count.b98	0 0	30111343
day_count.b98	0 1	30111345
day_count.b98	2 10	-1
day_count.b98	1 0	-1
work_counts.b98	1 15055671 1 15055671	1 1 1 2 2
work_counts.b98	1 15055672 1 15055670	2 3 3 5 3
work_counts.b98	0 0 0 0	30111343 30111343 1 60222686 2
work_counts.b98	0 123456789 1 987654321	277024921 1945197300 1111111111 2222222221 1
bowl_order.b98	1	1 2 3 4 5 6
bowl_order.b98	2	1 2 3 4 6 5
bowl_order.b98	120	1 6 5 4 3 2
bowl_order.b98	121	2 1 3 4 5 6
bowl_order.b98	719	6 5 4 3 1 2
bowl_order.b98	720	6 5 4 3 2 1
initial_bowls.b98	1 1 1 2 2	87617 136163 289447 724205 944789 1907167
initial_bowls.b98	30111343 30111343 1 60222686 2	14507157976400897 22667434037012243 32641139412588103 44428311682260029 58028814983157269 73442874789964687
initial_bowls.b98	2 3 2 5 3	92417 143643 302503 748229 976149 1957207
ask_bowl.b98	11 22 33 44 55 66 1 2 3 4 5 6 1 1	41188 1
ask_bowl.b98	11 22 33 44 55 66 6 5 4 3 2 1 6 31	87160 1
choose_rank_short.b98	1 0 1 1	1
choose_rank_short.b98	1 1 1 1	1
choose_rank_short.b98	170141183460469231731687303715884105727 0 1 922	1
choose_rank_short.b98	170141183460469231731687303715884105727 1 1 922	922
choose_rank_short.b98	123456789 0 1 47	9
choose_rank_short.b98	123456789 1 1 47	9
choose_rank_wide.b98	1 0 1 170141183460469231731687303715884105728	170141183460469231731687303715884105728
choose_rank_wide.b98	1 1 1 170141183460469231731687303715884105728	3
choose_rank_wide.b98	170141183460469231731687303715884105727 0 1 170141183460469231731687303715884105728	170141183460469231731687303715884105727
choose_rank_wide.b98	170141183460469231731687303715884105727 1 1 170141183460469231731687303715884105728	2
choose_rank_wide.b98	123456789 0 1 340282366920938463463374607431768211577	170141183460469231731687303708414970054
falling_factorial.b98	17 6	8910720
falling_factorial.b98	17 17	355687428096000
falling_factorial.b98	47 3	97290
falling_factorial.b98	47 47	258623241511168180642964355153611979969197632389120000000000
month_count_bounds.b98	252	3 47 45
month_count_bounds.b98	365	3 47 45
month_count_bounds.b98	5778	47 47 1
